chapterDetail,bookName,chapterNum,chapterUrl,chapterName,bookTitle
够胆就看盗墓笔记！神秘莫测的上古神墓、海底船墓、天宫雪墓，传说中的血尸、粽子、海猴子现身千年古墓，盗墓世家传人与摸金校尉诡异奇骇的大斗法，南北各派盗墓术语秘技大揭密，首度展现深入海底神秘船葬古墓的盗墓小说。,盗墓笔记全集,,http://www.daomubiji.com/dao-mu-bi-ji-1,,盗墓笔记1：七星鲁王宫
掀开秦岭万年神树、天宫雪墓隐藏的千古之谜。古墓总是充满了神秘和恐怖的色彩，而南派三叔笔下的盗墓，更毋宁说是一次另类的探险。《盗墓笔记2》对这一神秘玄幻、迷团重重的探险历程做了更为精心、精彩的演绎：尸阵、鬼吹灯、秦岭神树、螭蛊、麒麟竭，种种怪异事物接踵而现……,盗墓笔记全集,,http://www.daomubiji.com/dao-mu-bi-ji-2,,盗墓笔记2：秦岭神树
昆仑胎、墙串子、百足龙神等前所未见的怪异事物接替出现，藏尸阁、排道、火山口、门殿、殉葬渠等诡异恐怖之所带来超强的感官刺激……一切解不开的谜团尽在《盗墓笔记3》！,盗墓笔记全集,,http://www.daomubiji.com/dao-mu-bi-ji-3,,盗墓笔记3：云顶天宫
战国帛书、陈文锦笔记、西王母国、闷油瓶、诡异录像带、考古队第十一人、蛇王……一切解不开的谜团尽在《盗墓笔记4》！三叔归来，吴邪归来，闷油瓶归来……,盗墓笔记全集,,http://www.daomubiji.com/dao-mu-bi-ji-4,,盗墓笔记4：蛇沼鬼城
深入西王母的蛇沼鬼城之后，吴邪一行经过三天三夜极其紧张的搜索，终于在隐藏于密林中的神庙附近找到了进入西王母宫的入口。在入口的泥潭处，他发现三叔的队伍几乎全部离奇死去，但他并没找到三叔的尸体……,盗墓笔记全集,,http://www.daomubiji.com/dao-mu-bi-ji-5,,盗墓笔记5：迷海归巢
不一样的历险，不一样的诡秘，“金三角”坚不可摧，再战巴乃！死而复生的考古队队员，充满离奇怪味的铁块，离奇暴毙的当事人，被水淹没的千年古寨……当越来越多的线索开始指向闷油瓶的身世，是否意味着真相将呼之欲出？,盗墓笔记全集,,http://www.daomubiji.com/dao-mu-bi-ji-6,,盗墓笔记6：阴山古楼
神秘失踪的考古队，闷油瓶非同寻常的身份，连续多年收到的录像带……所有的秘密，最后竟都指向同一处！为了得到这一切的答案，无邪和闷油瓶兵分两路，前往四川和广西。样式雷的张家古楼究竟承载了怎样的过往？幕后操纵的势力难道另有其人？折损了老九门上代全部精英的墓穴吴邪将如何面对？,盗墓笔记全集,,http://www.daomubiji.com/dao-mu-bi-ji-7,,盗墓笔记7：邛笼石影
盗墓笔记收官之作，全盘托出张家古楼隐藏的所有秘密，终极揭秘前七本《盗墓笔记》埋下的全部谜团，一次讲清楚令千万盗墓迷念念不忘的所有人物的终极命运走向！,盗墓笔记全集,,http://www.daomubiji.com/dao-mu-bi-ji-8,,盗墓笔记8：大结局
盗墓笔记十周年，南派三叔不忘初心！谜题是否能解？,盗墓笔记全集,,http://www.daomubiji.com/dao-mu-bi-ji-2015,,盗墓笔记2015年更新
南派三叔的《盗墓笔记》无疑是神作，其中留下的未解谜团令读者魂牵梦萦。《沙海》作为《盗墓笔记》后传，在揭秘最终答案的同时，又加入了更多的矛盾。它的世界观比《盗墓笔记》犹有过之，甚至比之更庞大更壮阔。,盗墓笔记全集,,http://www.daomubiji.com/sha-hai,,沙海
吴邪五年的平静生活，因金万堂的突然造访而被打断。金万堂竟然知道从张家古楼里带出的月光石上的蝎子图案与幼年闷油瓶有关。为追寻线索，吴邪前往尼泊尔，又辗转到了西藏墨脱。这是一段全新的旅程，吴邪与胖子循着闷油瓶的脚步进入雪山腹地，这一次，吴邪能解开一切谜团吗？,盗墓笔记全集,,http://www.daomubiji.com/zang-hai-hua,,藏海花
